Province_Koshi,Gender_Girls,1_116,2_13,3_2,4_8,5_17,6_9,7_9,8_0,9_22,10_3,Total_199
,Boys,170,16,10,6,30,3,12,0,55,4,306
,Total,286,29,12,14,47,12,21,0,77,7,505
,Girls,151,8,4,9,4,6,4,0,1,0,187
Madhesh,Boys,252,28,6,10,11,16,7,1,8,5,344
,Total,403,36,10,19,15,22,11,1,9,5,531
Bagmati,Girls,161,7,1,7,29,3,11,0,60,1,280
,Boys,210,13,7,10,48,11,30,1,219,4,553
,Total,371,20,8,17,77,14,41,1,279,5,833
,Girls,68,6,2,5,7,3,14,0,21,0,126
Gandaki,Boys,110,13,2,2,20,7,20,0,29,3,206
,Total,178,19,4,7,27,10,34,0,50,3,332
Lumbini,Girls,290,13,5,7,10,6,8,0,6,4,349
,Boys,363,16,6,7,14,18,4,0,38,5,471
,Total,653,29,11,14,24,24,12,0,44,9,820
,Girls,43,3,0,0,1,0,3,0,0,1,51
Karnali,Boys,52,5,1,3,2,2,2,0,0,0,67
,Total,95,18,1,3,3,2,5,0,0,1,118
Sudur Pashchim,Girls,113,5,7,8,5,3,6,0,7,4,158
,Boys,146,13,6,12,15,3,16,0,7,10,228
,Total,259,18,13,20,20,6,22,0,14,14,386
,Girls,942,55,21,44,73,30,55,0,117,13,1350
Nepal,Boys,1303,104,38,50,140,60,91,2,356,31,2175
,Total,2245,159,59,94,213,90,144,2,473,44,3525
