Province_Koshi,Gender_Girls,1_210,2_33,3_18,4_5,5_33,6_18,7_35,8_0,9_18,10_38,Total_408
,Boys,271,40,38,6,50,29,35,1,27,49,546
,Total,481,73,56,11,83,47,70,1,45,87,954
,Girls,107,14,24,5,7,13,16,1,2,3,192
Madhesh,Boys,131,19,32,3,14,18,22,0,3,7,249
,Total,238,33,56,8,21,31,38,1,5,10,441
Bagmati,Girls,220,34,31,5,49,25,43,0,22,22,451
,Boys,262,43,37,12,73,24,70,2,55,35,613
,Total,482,77,68,17,122,49,104,2,77,57,1064
,Girls,98,23,9,9,19,10,13,0,12,22,215
Gandaki,Boys,117,33,11,7,44,18,29,0,48,39,346
,Total,215,56,20,16,63,28,42,0,60,61,561
Lumbini,Girls,208,27,31,5,23,32,14,0,12,29,381
,Boys,238,31,55,5,61,30,27,2,22,45,496
,Total,446,58,66,10,84,62,41,2,34,74,877
,Girls,241,31,38,11,10,7,11,2,3,13,367
Karnali,Boys,257,19,39,6,19,13,12,1,7,20,393
,Total,498,50,77,17,29,20,23,3,10,33,760
Sudur Pashchim,Girls,188,27,13,4,26,23,14,0,3,15,313
,Boys,185,44,21,7,42,21,25,2,6,18,371
,Total,373,71,34,11,68,44,39,2,9,33,684
,Girls,1272,189,164,44,167,128,146,3,72,142,2327
Nepal,Boys,1461,229,213,46,403,153,220,8,168,213,3014
,Total,2733,418,377,90,470,281,366,11,240,355,5341
