Province,Basic (1-5) Schools_No. of schools,Basic (1-5) Schools_SIP,Basic (1-5) Schools_Social,Basic (1-8) Schools_Financial,Basic (1-8) Schools_No. of,Basic (1-8) Schools_Social,Basic (1-8) Schools_Financial
,,,Audit,Audit,schools,Audit,Audit
Koshi,2998,2285,2306,,962,828,801
Madhesh,2061,889,984,,615,332,376
Bagmati,2273,1890,1864,,743,671,632
Gandaki,1732,1479,1450,,477,432,415
Lumbini,2464,2004,2002,,796,724,683
Karnali,1760,1397,1348,,503,432,393
Sudurpashchim,1791,1400,1347,,615,542,500
Nepal (No.),15079,11344,11301,,4711,3961,3800
Nepal (%),,75.2,74.9,,82.9,84.1,80.7
,,,,,,,
