Grade,Promotion Rate_Girls,Promotion Rate_Boys,Promotion Rate_Total,Repetition Rate_Girls,Repetition Rate_Boys,Repetition Rate_Total,Dropout Rate_Girls,Dropout Rate_Boys,Dropout Rate_Total
G 1,79.1,80.1,79.6,16.5,15.5,16.0,4.3,4.4,4.4
G 2,87.9,88.4,88.2,9.0,8.4,8.7,3.1,3.2,3.1
G 3,89.5,90.1,89.8,7.9,7.2,7.5,2.6,2.7,2.7
G 4,88.9,88.4,88.7,8.6,8.9,8.8,2.5,2.7,2.6
G 5,89.4,89.0,89.2,8.4,8.7,8.5,2.2,2.4,2.3
G 1-5,90.1,90.4,90.3,7.7,7.3,7.5,2.2,2.3,2.3
G 6,90.5,88.9,89.7,7.3,8.6,8.0,2.3,2.5,2.4
G 7,90.6,88.8,89.6,7.1,8.5,7.8,2.3,2.8,2.6
G 8,85.3,85.2,85.3,12.6,12.5,12.6,2.0,2.3,2.1
G 6-8,88.8,87.7,88.2,9.0,9.8,9.4,2.2,2.5,2.4
G 1-8,89.5,89.1,89.3,8.3,8.5,8.4,2.2,2.4,2.3
