_Province,Community_Total,Community,Community_Dalit,Community,Community_Janajati,Community,Institutional_Total,Institutional,Institutional_Dalit,Institutional,Institutional_Janajati,Institutional
,Girls,Total,Girls,Total,Girls,Total,Girls,Total,Girls,Total,Girls,Total
Koshi,"39,429","80,952","7,399","15,210","19,170","39,275","46,073","104,252","3,585","8,047","19,805","43,931"
Madhesh,"58,824","121,053","14,215","29,075","7,324","15,285","51,024","132,225","4,543","12,111","8,404","20,486"
Bagmati,"42,004","88,393","5,078","10,649","26,657","55,577","63,653","145,046","3,609","8,276","31,060","70,038"
Gandaki,"19,992","42,551","6,273","13,040","8,788","18,553","18,946","43,648","3,237","7,477","7,455","16,824"
Lumbini,"55,615","114,885","11,793","24,299","21,199","43,576","58,447","139,409","7,534","17,902","19,399","44,985"
Karnali,"26,129","53,587","8,197","16,544","2,900","5,841","10,916","26,498","2,071","5,039","1,489","3,527"
Su.Pa,"29,083","60,060","7,958","15,921","4,112","8,518","27,450","67,979","3,815","9,302","6,662","15,206"
Nepal,"271,076","561,481","60,913","124,738","90,150","186,625","276,509","659,057","28,394","68,154","94,274","214,997"
